ItemId,CategoryID,Description,CaseQty,CaseUOM,PakQty,PakUOM,InventoryGroup
I-37002,1.0,BEEF INSIDE ROUND SHAVED,9.0,Kg,1000.0,g,MEAT
I-37005,1.0,BEEF MEATBALLS,4.54,Kg,1000.0,g,MEAT
I-7064,1.0,BEEF OUTSIDE FLAT AAA,1.0,Kg,1.0,Kg,MEAT
I-10869,1.0,BEEF STIRFRY COV FR,5.0,Kg,1.0,Kg,MEAT
I-52090,1.0,BURGER BEEF & MUSHROOM HALAL,1.0,cs,48.0,CT,MEAT
I-57545,1.0,CHUCK FLAT BONELESS FZN,3.3,Kg,1.0,Kg,MEAT
I-27410,3.0,BACON 3MM NATURALLY SMKD,5.0,Kg,1.0,Kg,MEAT
I-2306,3.0,HAM BLACK FOREST slc,6.0,pak,25.0,slice,DELI & PREPARED MEAT
I-2310,3.0,HAM HONEY ,6.0,pak,25.0,slice,DELI & PREPARED MEAT
I-2311,3.0,HAM PROSCIUTTO BNLS ,1.0,Kg,1.0,Kg,DELI & PREPARED MEAT
I-3851,3.0,PORK BUTT BNLS 1/4 COV FR,1.0,Kg,1.0,Kg,MEAT
I-3855,3.0,PORK GRD FRZ ,5.0,Kg,1.0,Kg,MEAT
I-3856,3.0,PORK LOIN BNLS S/CUT COVFR,1.0,Kg,1.0,Kg,MEAT
I-17667,3.0,SAUSAGE CHORIZO MEAT,5.0,Kg,1.0,Kg,MEAT
I-2317,3.0,SAUSAGE FARMER DOUBLE SMOKED,1.0,Kg,1.0,Kg,MEAT
I-50575,3.0,SAUSAGE ITAL CRUMBLE CKD FRZ,2.0,bag,2.27,Kg,MEAT
I-13303,3.0,SAUSAGE PATTIES PORK,5.0,Kg,20.0,ea,MEAT
I-4031,4.0,CHICK BREAST B/LS/L BUTERFLY,1.0,Kg,1.0,Kg,POULTRY
I-3965,4.0,CHICK CRUNCHY FLT BRD ,2.0,bag,2.0,Kg,POULTRY
I-43958,4.0,CHICK SKEWERS 50G,60.0,each,1.0,each,POULTRY
I-4008,4.0,CHICK THIGH BL HALAL,1.0,Kg,1.0,Kg,POULTRY
I-4010,4.0,CHICK THIGH BONE IN HALAL,1.0,Kg,1.0,Kg,POULTRY
I-4016,4.0,"CHICK THIGH DICED HALAL 1"" ",1.0,Kg,1.0,Kg,POULTRY
I-19665,4.0,CHICK THIGH STIRFRY HALAL,1.0,Kg,1.0,Kg,POULTRY
I-8363,4.0,CHICK WINGS SPLT FRESH HALAL,1.0,Kg,1.0,Kg,POULTRY
I-3983,4.0,CHICKEN BREAST BONELESS FRESH,1.0,Kg,1.0,Kg,POULTRY
I-7065,4.0,TURKEY RST COMBO SURE SLICE,1.0,Kg,1.0,Kg,POULTRY
I-27407,4.0,TURKEY SAUSAGE BREAKFAST,20.0,ea,1.0,ea,POULTRY
I-8060,5.0,BUTTER UNSALTED FRS 454G,1.0,ea,454.0,g,DAIRY
I-47399,6.0,CHEESE CHED AGE WHT SHRED,4.0,pak,2.27,Kg,DAIRY
I-14181,6.0,CHEESE CHED SLICED 14G,24.0,pak,18.0,slice,DAIRY
I-51962,6.0,CHEESE CURD POUTINE BULK,5.0,bag,2000.0,g,DAIRY
I-2122,6.0,CHEESE FETA IN BRINE,3.0,Kg,1.0,Kg,DAIRY
I-15033,6.0,CHEESE GOAT CHEVRE LOG FRSH,2.0,CT,1.0,Kg,DAIRY
I-17615,6.0,CHEESE HAVARTI SLCD ,12.0,pak,17.0,slice,DAIRY
I-14179,6.0,CHEESE MOZZA SHRED PIZZA BLEND,4.0,bag,2.5,Kg,DAIRY
I-2141,6.0,CHEESE PARM SHRED 100% PURE,2.0,Kg,1.0,Kg,DAIRY
I-17617,6.0,CHEESE PROVOLONE SLCD 14G,214.0,slice,1.0,slice,DAIRY
I-2146,6.0,CHEESE RICOTTA BARI,4.0,Kg,1.0,Kg,DAIRY
I-17618,6.0,CHEESE SWISS SLCD 14G,216.0,slice,1.0,slice,DAIRY
I-11240,6.0,PANEER FRESH NANAK,4.2,Kg,1.0,Kg,BAKING-RAW INGREDIENTS
I-2217,8.0,CREAM WHIP 33% 1L (RED),1.0,L,1.0,L,DAIRY
I-2254,8.0,SOUR CREAM CORR BOX 4L,1.0,4L,4.0,L,DAIRY
I-2220,9.0,MILK 2% 20L TUBE - BAG,20.0,L,1.0,L,DAIRY
I-2251,9.0,MILK 2% 4L - JUG,1.0,4L,4.0,L,DAIRY
I-6850,10.0,YOGURT GREEK,1.0,TUB,4000.0,g,DAIRY
I-43722,10.0,YOGURT GREEK VEGAN,2.64,Kg,1.0,Kg,DAIRY
I-2156,11.0,EGG LIQ WHL FRSH KOSHER ESL BG,2.0,bag,10.0,Kg,DAIRY
I-2158,11.0,EGG LRG BRN FR LOOSE PACK,15.0,DOZ,12.0,CT,DAIRY
I-17557,12.0,COD GREY 4OZ LOIN IQF MSC,1.0,lb,1.0,lb,SEAFOOD
I-58278,12.0,SAL ATL FLT KUTERRA OW S/ONVAC,1.0,lb,1.0,lb,SEAFOOD
I-17047,12.0,TUNA  ALBACORE LOIN MED MSC,1.0,lb,1.0,lb,SEAFOOD
I-17593,13.0,SHRIMPMT 125/175 MSC,1.0,lb,1.0,lb,SEAFOOD
I-2567,17.0,BEAN GREEN WHL GRADE A IQF,6.0,bag,1.5,Kg,PRODUCE
I-23336,17.0,BEANS CANNELLINI,6.0,can,2.84,L,FOOD - GROCERY
I-3143,17.0,BEANS CHICK PEAS GARBANZO,6.0,LG CAN,2.84,L,FOOD - GROCERY
I-3145,17.0,BEANS PINTO.,6.0,LG CAN,2.84,L,FOOD - GROCERY
I-3146,17.0,BEANS REFRIED,6.0,LG CAN,2.84,L,FOOD - GROCERY
I-3149,17.0,BEANS TURTLE BLACK ,6.0,LG CAN,2.84,L,FOOD - GROCERY
I-3743,17.0,BEANS TURTLE BLACK T(US),11.35,Kg,1.0,Kg,FOOD - GROCERY
I-3148,17.0,BEANS TURTLE BLK DRY,10.0,Kg,1.0,Kg,FOOD - GROCERY
I-43544,17.0,BEANS WHITE CANNELLINI,16.0,L,1.0,L,FOOD - GROCERY
I-3898,17.0,FALAFEL BALL 300CT,5.5,Kg,1.0,Kg,MEAT
I-5021,20.0,SOYBEAN EDAMAME SHELLED FZN,20.0,lb,1.0,lb,PRODUCE
I-7388,20.0,TOFU EXTRA FIRM,12.0,CT,0.35,Kg,FOOD - GROCERY
I-3779,21.0,QUINOA NON-ORGANIC,11.35,Kg,1.0,Kg,FOOD - GROCERY
I-11185,21.0,QUINOA WHITE ,10.0,Kg,35.274,oz,FOOD - GROCERY
I-11094,22.0,CORN KERNALS FRZN,2.0,Kg,1.0,Kg,PRODUCE
I-4978,22.0,CORN KERNEL WHOLE GRADE A,6.0,bag,2.0,Kg,PRODUCE
I-6820,22.0,STARCH CORN,5.0,Kg,1.0,Kg,FOOD - GROCERY
I-3656,22.0,STARCH CORN RESEALABLE,12.0,bag,0.45399999999999996,Kg,FOOD - GROCERY
I-3182,23.0,CEREAL OAT QUICK TFC,1.0,bag,10.0,Kg,FOOD - GROCERY
I-1286,24.0,BAGEL WHOLE WHEAT (6 PACK),6.0,CT,1.0,CT,BREAD
I-1028,24.0,BREAD NAAN ORIGINAL TEARDROP,48.0,CT,1.0,CT,BAKED GOODS
I-55414,24.0,CIABATTA WHL WHT SLCD 3 X 5.5,54.0,each,1.0,each,BREAD
I-2586,24.0,CREPE 7IN TFC,144.0,CT,1.0,CT,BAKED GOODS
I-29688,24.0,CROISSANT BUTTER MULTIGRAIN,54.0,ea,1.0,ea,BAKED GOODS
I-1197,24.0,ENGLISH MUFFIN WHOLE WHEAT ,24.0,pak,6.0,CT,BREAD
I-1120,24.0,FLATBREAD NAP 10X5IN T/S FZN,18.0,CT,1.0,CT,BREAD
I-3290,24.0,FLOUR A/P BLEACHED TFC,20.0,Kg,1.0,Kg,FOOD - GROCERY
I-3291,24.0,FLOUR ALL PURPOSE BAKER'S HOOD,10.0,Kg,1.0,Kg,FOOD - GROCERY
I-10865,24.0,FLOUR AP/UNBLEACHED TFC,20.0,Kg,1.0,Kg,FOOD - GROCERY
I-52016,24.0,KAISER WW VEGAN SLICED,1.0,each,1.0,ea,BREAD
I-13004,24.0,LOAF COUNTRY FRENCH.,1.0,CT,1.0,CT,BREAD
I-24227,24.0,LOAF ORGANIC MULTIGRAIN PAN,1.0,LOAF,1.0,LOAF,BREAD
I-3083,24.0,NOODLES SHANGHAI THICK,4.0,bag,5.0,lb,FOOD - GROCERY
I-36577,24.0,NOODLES SOBA BUCKWHEAT,10.0,lb,1.0,lb,FOOD - GROCERY
I-3089,24.0,NOODLES STEAMED DRIED BULK,25.0,lb,1.0,lb,FOOD - GROCERY
I-3408,24.0,PASTA LASAGNA O/R 10IN,10.0,lb,1.0,lb,FOOD - GROCERY
I-37842,24.0,PASTA MACARONI ELBOW WH WHEAT,2.0,bag,4.54,Kg,FOOD - GROCERY
I-8864,24.0,PASTA PAPPARDELLE DECECCO #201,8.0,CT,500.0,g,FOOD - GROCERY
I-3416,24.0,PASTA PENNE WHOLE WHEAT TFC,2.0,bag,10.0,lb,FOOD - GROCERY
I-3424,24.0,PASTA SPAG WHEAT WHOLE TFC,2.0,bag,10.0,lb,FOOD - GROCERY
I-3458,24.0,PINEAPPLE PIZZA CUT L/S TFC,6.0,LG CAN,2.84,L,FOOD - GROCERY
I-1035,24.0,PITA THK 5IN T/S FZN,10.0,DOZ,12.0,CT,BREAD
I-7912,24.0,RAMEN NOODLES ,40.0,CT,0.15,Kg,FOOD - GROCERY
I-11842,24.0,SOURDOUGH LOAFCOUNTRY ,1.0,LOAF,1.0,LOAF,BREAD
I-15358,24.0,TORTILLA CORN WHTE 6IN EX THN,720.0,ea,1.0,ea,FOOD - GROCERY
I-1143,24.0,TORTILLA FLOUR 12IN,12.0,pak,10.0,CT,BAKED GOODS
I-1152,24.0,TORTILLA FLOUR W/ WHEAT 12IN,12.0,pak,10.0,CT,BAKED GOODS
I-17686,24.0,TORTILLA RICE BROWN GF,72.0,ea,1.0,ea,BAKED GOODS
I-3688,24.0,TORTILLA WHT CORN TAQ 4IN FZ,11.0,bag,60.0,CT,FOOD - GROCERY
I-10611,24.0,WON TON WRAPPER,1.0,lb,1.0,lb,FOOD - GROCERY
I-3476,25.0,RICE BASMATI,18.1,Kg,1.0,Kg,FOOD - GROCERY
I-36672,25.0,RICE BASMATI BROWN U.S.,1.0,ea,25.0,lb,FOOD - GROCERY
I-3477,25.0,RICE BROWN WHL GRAIN,20.0,lb,1.0,lb,FOOD - GROCERY
I-36764,25.0,RICE CALROSE BROWN,10.0,lb,1.0,lb,FOOD - GROCERY
I-3478,25.0,RICE JASMINE ,40.0,lb,1.0,lb,FOOD - GROCERY
I-2987,26.0,FLAX SEEDS GOLDEN 1 KG,0.68,Kg,1.0,Kg,FOOD - GROCERY
I-23753,26.0,HEMP HEARTS HULLED ORGANIC,1.0,each,1.0,Kg,FOOD - GROCERY
I-22224,26.0,NUT ALMOND,2.27,Kg,1.0,Kg,FOOD - GROCERY
I-10866,26.0,NUT CASHEW RAW PCS,2.27,Kg,1.0,Kg,FOOD - GROCERY
I-3016,26.0,PUMPKIN SEEDS 2 KG,3.0,Kg,1.0,Kg,FOOD - GROCERY
I-3667,26.0,SUNFLOWER SEED HULLED RST,12.0,Kg,1.0,Kg,FOOD - GROCERY
I-3355,27.0,MILK ALMOND ORIGINAL,12.0,pak,946.0,ml,FOOD - GROCERY
I-4472,31.0,AVOCADO MX,20.0,CT,1.0,CT,PRODUCE
I-4973,31.0,AVOCADO PULP CHUNKY,12.0,bag,454.0,g,PRODUCE
I-4535,31.0,BLUEBERRIES CULT IQF,5.0,Kg,1.0,Kg,PRODUCE
I-40951,31.0,COCONUT CHIP RIBBON CUT,5.0,Kg,1000.0,g,BAKING-RAW INGREDIENTS
I-20206,31.0,DATE DRY PITTED,12.5,Kg,1.0,Kg,FOOD - GROCERY
I-5003,31.0,MANGOES CHUNK IQF,5.0,Kg,1.0,Kg,PRODUCE
I-2656,31.0,PEAS ASSORTED SIZE GRADE A IQF,6.0,bag,2.0,Kg,PRODUCE
I-35685,31.0,PEAS SHOOT,453.0,g,1.0,g,PRODUCE
I-30101,31.0,PINEAPPLE CHUNKS FRZN,2.0,bag,2.5,Kg,PRODUCE
I-4830,31.0,RASPBERRIES FRZN IQFSHB,5.0,Kg,1.0,Kg,PRODUCE
I-4852,31.0,SALSA MANGO & PINEAPPLE DICED ,8.0,lb,1.0,lb,PRODUCE
I-4949,31.0,WATERMELON SDLS MX,1.0,lb,1.0,lb,PRODUCE
I-1821,31.0,JUICE PINEAPPLE TETRA,12.0,bottle,960.0,ml,BEVERAGE
I-4507,33.0,BANANA ,40.0,lb,2.0,piece,PRODUCE
I-11312,35.0,LEAF MAKRUT LIME,1.0,lb,16.0,oz,PRODUCE
I-4712,35.0,LIMES MX,140.0,CT,1.0,CT,PRODUCE
I-4764,35.0,ORANGES SUNKIST US,113.0,CT,1.0,CT,PRODUCE
I-1813,35.0,JUICE LEMON FRESH 32Z,16.0,bottle,32.0,fl oz,BAKING-RAW INGREDIENTS
I-6443,35.0,JUICE LIME FRESH 16X32oz,16.0,bottle,32.0,fl oz,BAKING-RAW INGREDIENTS
I-1820,35.0,JUICE ORANGE UNSWEETENED TETRA,12.0,L,1.0,L,BEVERAGE
I-4538,36.0,BROCCOLI CROWNS ( ICE-LESS ),20.0,lb,1.0,lb,PRODUCE
I-41921,36.0,BROCCOLI FLORET IQF,8.0,Kg,1.0,Kg,PRODUCE
I-4550,36.0,CABBAGE GREEN BC,50.0,lb,1.0,lb,PRODUCE
I-4555,36.0,"CABBAGE GREEN SHREDDED 1/8 BC""",5.0,lb,1.0,lb,PRODUCE
I-4558,36.0,"CABBAGE RED SHREDDED 1/8 BC""",5.0,lb,1.0,lb,PRODUCE
I-4556,36.0,CABBAGE REDBC,50.0,lb,1.0,lb,PRODUCE
I-13635,36.0,CABBAGE UBC,1.0,lb,1.0,lb,PRODUCE
I-4975,36.0,CAULIFLOWER FLORET GRD A  IQF,6.0,bag,2.0,Kg,PRODUCE
I-4597,36.0,CAULIFLOWER FLORETS H/CUS,5.0,lb,1.0,lb,PRODUCE
I-56920,36.0,CAULIFLOWER RICED FZN,4.0,bag,2.0,Kg,PRODUCE
I-4593,36.0,CAULIFLOWER US 12CT,12.0,ea,1.0,CT,PRODUCE
I-13254,36.0,KALE BABY GREEN,2.0,lb,1.0,lb,PRODUCE
I-4699,36.0,KALE GREEN (24CT) ,1.0,HEAD,250.0,g,PRODUCE
I-4698,36.0,KALE GREENUS,24.0,CT,1.0,CT,PRODUCE
I-6876,36.0,LEMONS 140 CT,3.0,lb,1.0,lb,PRODUCE
I-4709,36.0,LEMONS CHOICEUS,140.0,CT,1.0,CT,PRODUCE
I-4463,36.0,LETTUCE ARUGULA (WILD ORG)US,1.0,lb,1.0,lb,PRODUCE
I-4690,36.0,LETTUCE BUTTER HH BC,24.0,CT,1.0,CT,PRODUCE
I-4677,36.0,LETTUCE GREEN LEAF (LINER) US,24.0,CT,1.0,CT,PRODUCE
I-4693,36.0,LETTUCE ICEBERG (LINER)US,24.0,CT,1.0,CT,PRODUCE
I-6777,36.0,LETTUCE ROMAINE(LINER),24.0,CT,1.0,CT,PRODUCE
I-4915,36.0,LETTUCE SWISS CHARD RED BC,12.0,HEAD,1.0,HEAD,PRODUCE
I-4509,36.0,SPROUTS BEAN BC,5.0,lb,1.0,lb,PRODUCE
I-3223,37.0,COCONUT MILK 17/19% MILK FAT,6.0,LG CAN,2.84,L,FOOD - GROCERY
I-3435,37.0,PASTE TOMATO LOCAL,6.0,LG CAN,2.84,L,FOOD - GROCERY
I-4920,37.0,TOMATILLOS,10.0,lb,1.0,lb,PRODUCE
I-19737,37.0,TOMATO CRUSHED,6.0,can,2.84,L,FOOD - GROCERY
I-3676,37.0,TOMATO CRUSHED EXTRA HVY TFC,6.0,LG CAN,2.84,L,FOOD - GROCERY
I-3679,37.0,TOMATO PEAR DCD TFC,6.0,LG CAN,2.84,L,FOOD - GROCERY
I-3681,37.0,TOMATO PUREE HEAVY TFC,6.0,LG CAN,2.84,L,FOOD - GROCERY
I-18803,37.0,TOMATO SUNDRIED IN OIL,8.0,L,1.0,L,FOOD - GROCERY
I-4927,37.0,TOMATOES CHERRY LOOSE CLAM BC,12.0,pak,340.0,g,PRODUCE
I-6434,37.0,TOMATOES GRAPE,4.54,Kg,2.2,lb,PRODUCE
I-17159,37.0,TOMATOES GRAPE 10LB,10.0,lb,1.0,lb,PRODUCE
I-4932,37.0,TOMATOES RED ON VINEBC,11.0,lb,1.0,lb,PRODUCE
I-35791,37.0,TOMATOES ROMA,5.0,lb,453.0,g,PRODUCE
I-4933,37.0,TOMATOES ROMA MX,25.0,lb,1.0,lb,PRODUCE
I-4521,38.0,BEETS BC,25.0,lb,1.0,lb,PRODUCE
I-13050,38.0,BEETS GOLDEN UBC,1.0,lb,1.0,lb,PRODUCE
I-4589,38.0,CARROTS JUMBO BC,50.0,lb,1.0,lb,PRODUCE
I-4572,38.0,CARROTS JUMBO PEELED US,25.0,lb,1.0,lb,PRODUCE
I-4590,38.0,CARROTS JUMBO US,50.0,lb,1.0,lb,PRODUCE
I-4574,38.0,CARROTS SHREDDED 1/8 (COARSE),5.0,lb,1.0,lb,PRODUCE
I-9685,38.0,GINGER PEELED,1.0,lb,1.0,lb,PRODUCE
I-4660,38.0,GINGER PEELED ,5.0,lb,1.0,lb,PRODUCE
I-9831,38.0,RADISH BUNCHED 48CT,3.0,BUNCH,1.0,BUNCH,PRODUCE
I-4826,38.0,RADISH BUNCHED(48 CT) BC,3.0,BUNCH,1.0,BUNCH,PRODUCE
I-9832,38.0,DAIKON,40.0,lb,1.0,lb,PRODUCE
I-4657,39.0,GARLIC PEELED,5.0,lb,1.0,lb,PRODUCE
I-4703,39.0,LEEKS BC,5.0,lb,1.0,lb,PRODUCE
I-4745,39.0,ONION PEELED US,50.0,lb,1.0,lb,PRODUCE
I-4742,39.0,"ONIONS DICED 1/4 US""",5.0,lb,1.0,lb,PRODUCE
I-4743,39.0,"ONIONS DICED 3/4 US""",5.0,lb,1.0,lb,PRODUCE
I-4375,39.0,ONIONS GREEN 48 CT,48.0,CT,1.0,CT,PRODUCE
I-10149,39.0,ONIONS GREEN BUNCHED,1.0,BUNCH,1.0,BUNCH,PRODUCE
I-4679,39.0,ONIONS GREEN MX,3.0,BUNCH,1.0,BUNCH,PRODUCE
I-17150,39.0,ONIONS JUMBO PEELED 5LB,5.0,lb,1.0,lb,PRODUCE
I-6807,39.0,ONIONS RED 5LB,5.0,lb,1.0,lb,PRODUCE
I-4750,39.0,ONIONS RED PEELED ,25.0,lb,1.0,lb,PRODUCE
I-4381,39.0,ONIONS YELLOW JUMBO,40.0,lb,1.0,lb,PRODUCE
I-4894,39.0,SHALLOTS PEELED ,5.0,lb,1.0,lb,PRODUCE
I-4971,40.0,ARTICHOKE 1/4 SALAD CUT TFC,6.0,LG CAN,2.5,Kg,PRODUCE
I-4495,40.0,BAK CHOY (60 LBS)US,50.0,lb,1.0,lb,PRODUCE
I-4496,40.0,BAK CHOY BABY BC,30.0,lb,1.0,lb,PRODUCE
I-4598,40.0,CELERY US,36.0,CT,1.0,CT,PRODUCE
I-4626,40.0,CUCUMBER BC,12.0,CT,1.0,CT,PRODUCE
I-4628,40.0,CUCUMBER LE (12 CT)MX,3.0,HEAD,1.0,HEAD,PRODUCE
I-4508,40.0,HERB BASIL BC,1.0,lb,1.0,lb,PRODUCE
I-4341,40.0,HERB CILANTRO BUNCH 30CT,30.0,CT,1.0,CT,PRODUCE
I-4695,40.0,HERB ITALIAN PARSLEY BC,30.0,CT,1.0,lb,PRODUCE
I-4708,40.0,HERB LEMON GRASS IM,40.0,ea,1.0,lb,PRODUCE
I-4724,40.0,HERB MINT BC,1.0,lb,1.0,lb,PRODUCE
I-4767,40.0,HERB OREGANO (Calmshell)BC,1.0,lb,16.0,oz,PRODUCE
I-4772,40.0,HERB PARSLEY MX,3.0,BUNCH,1.0,BUNCH,PRODUCE
I-4847,40.0,HERB ROSEMARY BC,1.0,lb,1.0,lb,PRODUCE
I-4983,40.0,HERB ROSEMARY FRESH,1.0,pak,8.0,oz,PRODUCE
I-4848,40.0,HERB SAGE BC,1.0,lb,1.0,lb,PRODUCE
I-4919,40.0,HERB THYME BC,1.0,lb,1.0,lb,PRODUCE
I-17932,40.0,KELP KONBU,1.0,pak,1.0,Kg,PRODUCE
I-5006,40.0,MIX VEGETABLE 5 VEG GRADE A ,6.0,bag,2.0,Kg,PRODUCE
I-4725,40.0,MUSHROOM SLICED BC,10.0,lb,1.0,lb,PRODUCE
I-4731,40.0,MUSHROOMS FOODSERVICE BC,10.0,lb,1.0,lb,PRODUCE
I-4737,40.0,MUSHROOMS SHITAKE,5.0,lb,1.0,lb,PRODUCE
I-4785,40.0,PEPPERS GREEN,5.0,lb,1.0,lb,PRODUCE
I-35792,40.0,PEPPERS HABANERO,4535.0,g,1.0,g,PRODUCE
I-4787,40.0,PEPPERS JALAPENO GREEN 10 LBS,10.0,lb,1.0,lb,PRODUCE
I-30068,40.0,PEPPERS POBLANO,10.0,lb,1.0,lb,PRODUCE
I-5014,40.0,PEPPERS RED DCD GRADE A IQF,6.0,bag,2.0,Kg,PRODUCE
I-4832,40.0,"PEPPERS RED DICED 1/4 US""",5.0,lb,1.0,lb,PRODUCE
I-4793,40.0,PEPPERS RED HH BC,11.0,lb,1.0,lb,PRODUCE
I-4795,40.0,PEPPERS SERRANO GREEN MX,1.0,lb,1.0,lb,PRODUCE
I-4796,40.0,PEPPERS THAI RED CHILI IM,1.0,lb,1.0,lb,PRODUCE
I-4797,40.0,PEPPERS YELLOW HH BC,11.0,lb,1.0,lb,PRODUCE
I-3454,40.0,PICKLE DILL SAND LG SLCD 3/16 ,19.0,L,1.0,L,FOOD - GROCERY
I-6017,40.0,PICKLE DILL SPEAR,1.0,pail,19.0,L,FOOD - GROCERY
I-3468,40.0,PUMPKIN PURE CAN,6.0,LG CAN,2.84,L,FOOD - GROCERY
I-7710,40.0,PUMPKIN UBC FARM,1.0,CT,1.0,CT,PRODUCE
I-13226,40.0,SALAD MIX ARCADIAN,3.0,bag,2.0,lb,PRODUCE
I-11808,40.0,SALAD MIX UBC FARM,1.0,lb,1.0,lb,PRODUCE
I-5130,40.0,SEAWEED SALAD NATURAL O/WISE,1.0,lb,1.0,lb,SEAFOOD
I-4488,40.0,SPINACH BABY US,4.0,lb,1.0,lb,PRODUCE
I-5022,40.0,SPINACH CHOPPED FZN,12.0,BLOCK,1.25,Kg,PRODUCE
I-4896,40.0,SPINACH WASHED NO STEM US,1.0,bag,2.5,lb,PRODUCE
I-4962,40.0,ZUCCHINI BC,25.0,lb,1.0,lb,PRODUCE
I-37478,40.0,CHILE ARBOL,1000.0,g,1.0,g,FOOD - GROCERY
I-37477,40.0,CHILE GUAJILLO,1000.0,g,1.0,g,FOOD - GROCERY
I-41492,40.0,CHILI ANCHO,1.0,ea,1000.0,g,FOOD - GROCERY
I-41491,40.0,CHILI CHIPOTLE WHOLE ,1.0,each,1000.0,g,FOOD - GROCERY
I-2603,41.0,FRIES 3/8IN W/SKIN TFC,6.0,bag,4.5,lb,PRODUCE
I-2609,41.0,FRIES SWT POTATO 5/16IN FZN,6.0,bag,2.5,lb,PRODUCE
I-33795,41.0,POTATO WEDGE RED SKIN HMSTYL,27.0,lb,1.0,lb,PRODUCE
I-4818,41.0,POTATO WHITE BABY (NUGGET)BC,50.0,lb,1.0,lb,PRODUCE
I-4819,41.0,POTATO YELLOW BABYBC,50.0,lb,1.0,lb,PRODUCE
I-40936,41.0,STARCH POTATO,1.0,cs,25000.0,g,FOOD - GROCERY
I-16979,41.0,SWEET POTATO PEELED,5.0,lb,1.0,lb,PRODUCE
I-4914,41.0,SWEET POTATO US,40.0,lb,1.0,lb,PRODUCE
I-6028,43.0,SUGAR BROWN DEMERARA,20.0,Kg,1.0,Kg,FOOD - GROCERY
I-3658,43.0,SUGAR GOLDEN YEL 20KG,20.0,Kg,1.0,Kg,FOOD - GROCERY
I-3657,43.0,SUGAR GOLDEN YEL 2KG,12.0,pak,2.0,Kg,FOOD - GROCERY
I-3660,43.0,SUGAR GRANULATED FINE,10.0,Kg,1.0,Kg,FOOD - GROCERY
I-35336,43.0,SUGAR PALM,24.0,lb,1.0,lb,FOOD - GROCERY
I-3670,43.0,SYRUP MAPLE CDN ORIG,6.0,JUG,2.0,L,FOOD - GROCERY
I-3321,43.0,HONEY LIQUID SQUEEZE Bott,6.0,Kg,1.0,Kg,FOOD - GROCERY
I-44059,44.0,ALMOND BUTTER,4.0,Kg,1.0,Kg,FOOD - GROCERY
I-60804,44.0,BUTTER VEGAN PLANT BASED,30.0,lb,1.0,lb,DAIRY
I-26014,44.0,OIL COCONUT FAT KOKOHEART,500.0,ml,1.0,ml,FOOD - GROCERY
I-11217,44.0,OIL MUSTARD PURE,12.0,L,1.0,L,BAKING-RAW INGREDIENTS
I-3392,44.0,OIL SESAME PURE,2.0,pak,1650.0,L,FOOD - GROCERY
I-3386,48.0,OIL CANOLA HI LO BOX TFC,17.3,L,1.0,L,FOOD - GROCERY
I-3387,48.0,OIL CANOLA OLIVE OIL BLEND TFC,6.0,can,3.0,L,FOOD - GROCERY
I-3388,48.0,OIL CANOLA ROMANO TFC,6.0,can,3.0,L,FOOD - GROCERY
I-3389,49.0,OIL OLIVE 100% EXTRA VIRGIN ,4.0,can,3.0,L,FOOD - GROCERY
I-6006,49.0,OIL OLIVE EXTRA VIRGIN TFC,4.0,can,3.0,L,FOOD - GROCERY
I-43608,50.0,BEER PHILLIPS SHORT WAVE 355ML,6.0,can,1.0,can,"PACKAGED BEER, CIDER"
I-7631,54.0,5 SPICE POWDER,1.0,ea,1.0,lb,SPICES
I-3619,54.0,BAY LEAF WHL SHAKER TFC,8.0,each,84.0,g,SPICES
I-3621,54.0,CAYENNE SHAKER TFC,8.0,each,454.0,g,SPICES
I-19143,54.0,CHIA SEEDS BLACK ORGANIC,5.0,Kg,1000.0,g,SPICES
I-5975,54.0,CHILI MEXICAN POWDER,1.0,ea,2.267,Kg,SPICES
I-40451,54.0,CHILI POWDER KOREAN,1.0,each,454.0,g,SPICES
I-3622,54.0,CHILI POWDER TFC,2.5,Kg,1.0,Kg,SPICES
I-3624,54.0,CHILI RED PEPPER CRUSHED,1.0,ea,2.267,Kg,SPICES
I-3623,54.0,CHILI RED PPR CRUSHD SKR,8.0,each,330.0,g,SPICES
I-2979,54.0,CINNAMON GROUND BULK,5.0,lb,454.0,g,SPICES
I-3625,54.0,CINNAMON GROUND SHAKER ,8.0,each,454.0,g,SPICES
I-11215,54.0,CLOVES (WHOLE),1.0,each,1.001,lb,SPICES
I-3628,54.0,CLOVES GROUND TFC,1.0,ea,454.0,g,SPICES
I-3629,54.0,CORIANDER GROUND ,5.0,lb,16.0,oz,SPICES
I-3630,54.0,CUMIN SEED GROUND ,5.0,lb,454.0,oz,SPICES
I-42360,54.0,CURRY POWDER MADRAS HOT,8.0,ea,454.0,g,SPICES
I-11207,54.0,GARAM MASALA ,8.0,ea,454.0,g,SPICES
I-3632,54.0,GARLIC POWDER ,5.0,lb,454.0,g,SPICES
I-11216,54.0,KASOORI METHI MDH,1.0,Kg,1.0,Kg,SPICES
I-3636,54.0,MARJORAM LEAF TFC,8.0,each,170.0,g,SPICES
I-3637,54.0,MUSTARD GROUND SHAKER ,8.0,ea,454.0,g,SPICES
I-3638,54.0,NUTMEG GROUND SHAKER TFC,8.0,each,454.0,g,SPICES
I-3639,54.0,ONION POWDER ,5.0,lb,454.0,g,SPICES
I-2911,54.0,OREGANO RUBBED,5.0,lb,0.45299999999999996,Kg,SPICES
I-3640,54.0,PAPRIKA SHAKER TFC,8.0,ea,454.0,g,SPICES
I-5978,54.0,PAPRIKA SWEET SMOKED ,500.0,g,1.0,g,SPICES
I-3316,54.0,PARSLEY FLAKE TFC,1.0,pak,265.0,g,SPICES
I-3245,54.0,PASTE CURRY RED,4.0,jar,992.0,g,SPICES
I-3643,54.0,PEPPER BLACK FINE TFC,1.0,each,2.267,Kg,SPICES
I-2051,54.0,PEPPER BLACK GROUND VALLI,2.7,Kg,1.0,Kg,SPICES
I-6812,54.0,PEPPER BLK COARSE,2.1,Kg,1.0,Kg,SPICES
I-3642,54.0,PEPPER BLK COARSE GRD SHK,1.0,ea,2267.9,g,SPICES
I-30504,54.0,PEPPER RED FLAKES KOREAN,1.0,each,500.0,g,SPICES
I-3646,54.0,PEPPER WHITE GROUND SHK,12.0,ea,600.0,g,SPICES
I-3647,54.0,PEPPER WHITE GROUND TFC,2.5,Kg,1.0,Kg,SPICES
I-42230,54.0,PEPPERCORN BLACK STANDARD,5.0,lb,454.0,g,SPICES
I-3649,54.0,PEPPERCORN BLACK WHL TFC,12.0,ea,575.0,g,SPICES
I-40458,54.0,PEPPERCORN SCHEZCHUAN,1.0,pak,454.0,g,SPICES
I-3635,54.0,ROSEMARY LEAF TFC,8.0,each,315.0,g,SPICES
I-6466,54.0,SALT CELERY,1.0,each,918.0,g,SPICES
I-3497,54.0,SALT HI GR NON IODIZED,20.0,Kg,1.0,Kg,SPICES
I-6026,54.0,SALT KOSHER WINDSOR,16.32,Kg,1000.0,g,SPICES
I-12176,54.0,SALT SEA COARSE KOSHER,1.0,CT,2.27,Kg,SPICES
I-3577,54.0,SEASONING CAJUN RUB,1.0,each,454.0,g,SPICES
I-11211,54.0,SEED CUMIN WHOLE ,5.0,lb,454.0,g,SPICES
I-3312,54.0,SEED FENNEL WHOLE,1.0,pak,16.0,oz,SPICES
I-40944,54.0,SEED HEMP,5.0,Kg,1000.0,g,SPICES
I-3590,54.0,SEED SESAME RST - NO SALT TFC,3.0,Kg,1.0,Kg,SPICES
I-3591,54.0,SEED SESAME WHOLE WHITE ,5.0,lb,454.0,g,SPICES
I-3589,54.0,SESAME BLACK,1.0,lb,1.0,lb,SPICES
I-19610,54.0,SPICE CORIANDER WHOLE,1.0,ea,80.0,oz,BAKING-RAW INGREDIENTS
I-3318,54.0,THYME WHOLE,1.0,pak,236.0,g,SPICES
I-44341,54.0,TOGARASHI NANAMI CHILI BLEND,1.0,pak,500.0,g,SPICES
I-3654,54.0,TURMERIC GROUND SHAKER ,8.0,ea,454.0,g,SPICES
I-40436,54.0,UMAMI DUST SEASONING,5.0,ea,454.0,g,SPICES
I-43652,,ANCHO CHILLI,1.2,Kg,1.0,Kg,FOOD - GROCERY
I-3117,,APRICOTS DRIED TFC,12.0,pak,450.0,g,FOOD - GROCERY
I-3119,,BAKING SODA,1.0,box,500.0,g,FOOD - GROCERY
I-17203,,BALSAMIC GLAZE,2.0,bottle,2.0,L,FOOD - GROCERY
I-3130,,BASE BEEF CONC LIQ G/FREE,4.0,pak,946.0,ml,FOOD - GROCERY
I-3141,,BASE VEG CONC LIQ G/FREE,4.0,pak,946.0,ml,FOOD - GROCERY
I-3159,,CAPER CAPUCINE 2L,2.0,bottle,2.0,L,FOOD - GROCERY
I-19283,,CHIP HARDBITE GOURMET BULK,5.0,bag,1.0,bag,"CHIPS, PRETZELS, NUTS"
I-3233,,COUSCOUS MED REG,10.0,Kg,1.0,Kg,FOOD - GROCERY
I-3284,,EXTRACT VANILLA PURE,1.0,500ML,1.0,500ML,FOOD - GROCERY
I-51440,,GHOST NUTRITION OIL,1.0,g,1.0,g,FOOD - GROCERY
I-9830,,GRAVY MIX POUTINE GF,6.0,pak,453.0,g,FOOD - GROCERY
I-3336,,KETCHUP BIG RED PLAS,6.0,LG CAN,2.84,L,FOOD - GROCERY
I-54025,,KIMCHI VEGETARIAN SUN TIGER,4.0,each,2.0,L,FOOD - GROCERY
I-60772,,MAYONAISE VEGAN HELLMAN'S,2.0,pail,3.78,L,FOOD - GROCERY
I-3348,,MAYONNAISE 1/2 FAT TFC,2.0,4L,4.0,L,FOOD - GROCERY
I-3352,,MAYONNAISE PAIL TFC 4L,2.0,each,4.0,L,FOOD - GROCERY
I-3363,,MIX TEMPURA BATTER,6.0,bag,5.0,lb,FOOD - GROCERY
I-3365,,MUSTARD BIG YELLOW PLAS,4.0,JUG,2.84,L,FOOD - GROCERY
I-2897,,MUSTARD DIJON GRAINY FLEUR,4.0,Kg,1.0,Kg,FOOD - GROCERY
I-3368,,MUSTARD DIJON GRAINY OLD FASH,2.0,pail,4625.0,ml,FOOD - GROCERY
I-3370,,MUSTARD DIJON HOT,2.0,each,4625.0,ml,FOOD - GROCERY
I-30178,,NORI SHEETS,100.0,each,1.0,SHEET,FOOD - GROCERY
I-3243,,PANKO CRUMB BREAD  JAP STYL,25.0,lb,1.0,lb,FOOD - GROCERY
I-41181,,PAPADUM PLAIN,1200.0,ea,1.0,ea,FOOD - GROCERY
I-2850,,PASTE ACHIOTE RED LA PERLA,1320.0,g,1.0,g,FOOD - GROCERY
I-3428,,PASTE CURRY GREEN THAI,12.0,JUG,1000.0,g,FOOD - GROCERY
I-16215,,PASTE KOREAN HOT PEPPER ,3.0,Kg,1.0,Kg,FOOD - GROCERY
I-9687,,PASTE MISO YELLOW SHIRO,1.0,Kg,1.0,Kg,FOOD - GROCERY
I-3433,,PASTE SAMBAL OELEK,6.0,jar,668.0,ml,FOOD - GROCERY
I-3434,,PASTE TAHINI,2.0,bag,5.0,Kg,FOOD - GROCERY
I-11813,,PASTE TAMARIND,12.0,jar,312.0,g,FOOD - GROCERY
I-3447,,PEPPER CHIPOTLE IN ADOBO,12.0,SM CAN,199.0,ml,FOOD - GROCERY
I-3448,,PEPPER HOT BANANA RING SLCD ,2.0,4L,4.0,L,FOOD - GROCERY
I-3451,,PEPPER SWEET RED RST TFC,6.0,LG CAN,2.56,L,FOOD - GROCERY
I-3472,,RELISH CRYOVAC,2.0,6L,6.0,L,FOOD - GROCERY
I-17054,,SAUCE CHILI BEAN,6.0,can,2.27,g,FOOD - GROCERY
I-3511,,SAUCE CHILI CAN,6.0,LG CAN,2.84,L,FOOD - GROCERY
I-9379,,SAUCE CHILI HOT SRIRACHA 740ML,12.0,bottle,0.74,L,FOOD - GROCERY
I-45114,,SAUCE FISH VEGETARIAN 700ML,1.0,bottle,23.7,fl oz,FOOD - GROCERY
I-10864,,SAUCE HOISIN GOLDEN DRAGON,2.0,JUG,4.0,L,FOOD - GROCERY
I-3371,,SAUCE HONEY MUSTARD 4L,2.0,JUG,4.0,L,FOOD - GROCERY
I-37469,,SAUCE HOT VALENTINA,12.0,jar,946.0,ml,FOOD - GROCERY
I-3524,,SAUCE MANGO CHUTNEY GREEN LBL,2.0,bag,2.6,Kg,FOOD - GROCERY
I-7705,,SAUCE MIRIN,6.0,bottle,1.8,L,FOOD - GROCERY
I-14773,,SAUCE MIX HOLLANDAISE,6.0,pak,0.8,Kg,FOOD - GROCERY
I-2697,,SAUCE PESTO NO NUT,6.0,bag,454.0,g,FOOD - GROCERY
I-54207,,SAUCE PLUM TFC 4L,2.0,JUG,4.0,L,FOOD - GROCERY
I-10882,,SAUCE SAMBAL OLEK 3X3.5L,3.0,jar,3.5,L,FOOD - GROCERY
I-3545,,SAUCE SOY G/FREE,6.0,JUG,1.89,L,FOOD - GROCERY
I-47774,,SAUCE SOY LOW SOD G/FREE,11.34,L,1.0,L,FOOD - GROCERY
I-3557,,SAUCE SWEET AND SOUR TFC,2.0,JUG,4.0,L,FOOD - GROCERY
I-3560,,SAUCE SWEET CHILI THAI STYL,2.0,each,4.0,L,FOOD - GROCERY
I-22026,,SAUCE TABASCO GREEN PEPPER,2.0,JUG,1.89,L,FOOD - GROCERY
I-3572,,SAUCE WORCESTERSHIRE,2.0,JUG,3.7,L,FOOD - GROCERY
I-60805,,SAUCE WORCESTERSHIRE VEGAN,12.0,bottle,251.0,ml,FOOD - GROCERY
I-2899,,SPREAD NUTELLA HAZELNUT ,2.0,TUB,3000.0,g,FOOD - GROCERY
I-9382,,VINEGAR APPLE CIDER PURE,2.0,bottle,5.0,L,FOOD - GROCERY
I-3692,,VINEGAR BALSAMIC PAIL,2.0,pail,5.0,L,FOOD - GROCERY
I-3694,,VINEGAR MALT 5PCT,4.0,4L,4.0,L,FOOD - GROCERY
I-3695,,VINEGAR RED WINE TFC,2.0,pail,5.0,L,FOOD - GROCERY
I-3696,,VINEGAR RICE ,12.0,bottle,710.0,ml,FOOD - GROCERY
I-3697,,VINEGAR SHERRY JEREZ,6.0,L,1.0,L,FOOD - GROCERY
I-3698,,VINEGAR WHITE PURE DISTILLED ,4.0,pail,5.0,L,FOOD - GROCERY
I-5983,,WATER FOR RECIPES,1.0,L,1.0,L,BEVERAGE
I-7949,,WINE COOKING MIRIN,6.0,bottle,1.8,L,FOOD - GROCERY
I-3876,1.0,BEEF CHUCK GROUND AAA,1.0,Kg,1.0,Kg,MEAT
I-47657,1.0,BEYOND MEAT CRUMBLE FZN,10.0,lb,1.0,lb,MEAT
I-8260,3.0,CAPICOLLO EXT HOT CAPOLLA,1.0,Kg,1.0,Kg,DELI & PREPARED MEAT
I-3887,3.0,PORK GROUND BRITCO PER KG,1.0,Kg,1.0,Kg,MEAT
I-6869,3.0,PROSCIUTTO COTTO MASTRO SLICED,1.0,Kg,1.0,Kg,DELI & PREPARED MEAT
I-11922,3.0,SAUSAGE MEAT CHORIZO FRZN,5.0,CT,2.0,Kg,MEAT
I-6020,5.0,BUTTER PRINT UNSALTED,20.0,lb,1.0,lb,DAIRY
I-2244,5.0,BUTTER WHIPPED PORTION,1.0,cs,715.0,PTN,DAIRY
I-2053,6.0,CHEESE BOCCONCINI CHEERY 3KG,3.0,Kg,1.0,Kg,DAIRY
I-2058,6.0,CHEESE CHEVRE SOFT GOAT ,1.0,Kg,1.0,Kg,DAIRY
I-2118,6.0,CHEESE CREAM PORT TFC,200.0,PTN,1.0,PTN,DAIRY
I-7454,6.0,CHEESE GORGONZOLA CASTELLO,1.0,Kg,1.0,Kg,DAIRY
I-7713,6.0,CHEESE MASCARPONE SALERNO,6.0,pak,0.45,Kg,DAIRY
I-2060,6.0,CHEESE MOZZA SHREDDED SCARD,4.0,bag,2.27,Kg,DAIRY
I-2061,6.0,CHEESE PARM PADANO GRATED ,1.0,Kg,1.0,Kg,DAIRY
I-2068,6.0,CHEESE RICOTTA  SANTA LUCIA,1.0,Kg,1.0,Kg,DAIRY
I-2918,6.0,PECORINO ROMANO WHITE GRATED,1.0,Kg,1.0,Kg,FOOD - GROCERY
I-42198,7.0,GELATO BLISS BAR MANGO,24.0,ea,1.0,each,ICECREAM/NOVELTY/GELATO
I-3801,7.0,ICE CREAM  VANILLA,11.4,L,1.0,lb,ICECREAM/NOVELTY/GELATO
I-10921,7.0,ICE CREAM STRAWBERRY 10PCT,1.0,CT,11.4,L,ICECREAM/NOVELTY/GELATO
I-21707,7.0,KLONDIKE CONE CHOC/CRML KING,12.0,BAR,1.0,BAR,ICECREAM/NOVELTY/GELATO
I-3825,7.0,KLONDIKE GIANT COOKIE SANDWICH,24.0,BAR,1.0,BAR,ICECREAM/NOVELTY/GELATO
I-3828,7.0,MAGNUM ALMOND,12.0,BAR,1.0,BAR,ICECREAM/NOVELTY/GELATO
I-2203,9.0,1% LACTO/F UHT 1L,1.0,L,1.0,L,DAIRY
I-6013,9.0,MILK 2 GO 2%   473ML,1.0,500ML,1.0,bottle,DAIRY
I-5967,9.0,MILK 2 GO CHOC 473ML,1.0,bottle,1.0,473ML,DAIRY
I-5968,9.0,MILK 2 GO STRAWBER 475ML,1.0,bottle,1.0,bottle,DAIRY
I-2253,9.0,MILK SKIM 4L- JUG,1.0,4L,4.0,L,DAIRY
I-6791,9.0,MILK SOY ORIGINAL SLK 1.89L,1.0,un,1.86,L,DAIRY
I-2159,11.0,EGG MED FREE RUN LOOSE PACK,15.0,DOZ,12.0,CT,DAIRY
I-53922,11.0,EGG NOG LIGHT,1.0,each,0.946,L,DAIRY
I-43852,18.0,FLOUR CHICK PEA (CHANA) FINE ,45.0,lb,454.0,g,FOOD - GROCERY
I-36547,21.0,"TARTINE TARTS Quiche, Asparagu",12.0,ea,1.0,ea,MM Grocery Cereal
6wxx,24.0,BA Blueberry crème Danish 142g,24.0,each,1.0,each,MM BAKERY
I-1188,24.0,BAR CRANBERRY APRICOT OAT ,6.0,CT,1.0,CT,BAKED GOODS
I-1157,24.0,BISCOTTI AMARETTO (15 PACK),15.0,CT,1.0,CT,BAKED GOODS
I-6914,24.0,BISCOTTI PISTACHIO DBL CHOC,15.0,CT,1.0,CT,BAKED GOODS
I-16212,24.0,BISCOTTI RASPBERRY SWIRL W/CHO,15.0,CT,1.0,ea,BAKED GOODS
I-1261,24.0,BISCOTTI RASPBERRY/BPEPPER  ,15.0,CT,1.0,CT,BAKED GOODS
I-1169,24.0,BRIOCHE 4”,12.0,CT,1.0,CT,BREAD
I-1282,24.0,CROISSANT ALMOND ,1.0,CT,1.0,CT,BAKED GOODS
I-1174,24.0,CROISSANT CHEESE. ,1.0,CT,1.0,CT,BAKED GOODS
I-1177,24.0,CROISSANT CHOCOLATE ,1.0,CT,1.0,ea,BAKED GOODS
I-19681,24.0,"CROISSANT SPINCH, RED PEP FETA",1.0,CT,1.0,CT,BAKED GOODS
I-3241,24.0,CROUTON GARLIC HOMESTYL TFC,4.54,Kg,1.0,Kg,FOOD - GROCERY
I-1209,24.0,DANISH FRESH FRUIT ,1.0,CT,1.0,CT,BAKED GOODS
I-1196,24.0,ENGLISH MUFFIN (6 PACK),6.0,CT,1.0,CT,BREAD
I-7452,24.0,FLOUR ARW PH MILLS,20.0,Kg,1.0,Kg,BAKING-RAW INGREDIENTS
I-9641,24.0,FOCACCIA HERB FULL SHEET,1.0,SHEET,1.0,LOAF,BREAD
I-1230,24.0,LOAF LEMON (8 PORTION SLICED),8.0,CT,1.0,CT,BAKED GOODS
I-2891,24.0,PASTA LASAGNA SHEETS SPINACH ,5.0,Kg,1.0,Kg,FOOD - GROCERY
I-3419,24.0,PASTA ROTINI VEG TRI COLOUR,4.5,Kg,1.0,Kg,FOOD - GROCERY
I-7766,24.0,PASTA TORT CHEESE GFS,2.0,bag,2.0,Kg,FOOD - GROCERY
I-43863,24.0,VITAL WHEAT GLUTEN 2KG,2.0,Kg,1.0,Kg,FOOD - GROCERY
I-3129,25.0,BARLEY PEARL FINE TFC,5.0,Kg,1.0,Kg,FOOD - GROCERY
I-3373,26.0,NUT ALMOND BLANCHED SLCD TFC,3.0,Kg,1.0,Kg,FOOD - GROCERY
I-3394,31.0,OLIVE BLACK RIPE MED PITTED ,6.0,LG CAN,2.84,L,FOOD - GROCERY
I-4549,31.0,"SQUASH BUTTERNUT DICED 3/4 --""",5.0,lb,1.0,lb,PRODUCE
I-4526,34.0,BLACKBERRIES BC,12.0,BASKET,1.0,BASKET,PRODUCE
I-4534,34.0,BLUEBERRIES(5 LBS) BC,5.0,lb,1.0,lb,PRODUCE
I-3239,34.0,CRANBERRY DRIED TFC,1.36,Kg,1.0,Kg,FOOD - GROCERY
I-36040,34.0,MADE GOOD Mixed Berry,6.0,ea,1.0,ea,MM Snack Ethnic
I-4905,34.0,STRAWBERRIES DRISCOLL US,1.0,lb,1.0,lb,PRODUCE
I-3342,35.0,MANDARIN ORANGE SECT L/S,24.0,SM CAN,284.0,ml,FOOD - GROCERY
I-4291,36.0,BROCCOLI BROCCOLETTE BUNCH ,18.0,BUNCH,1.0,BUNCH,PRODUCE
I-6439,36.0,JIT LETTUCE ROMAIN HEART CHPD,12.0,lb,1.0,lb,PRODUCE
I-52598,36.0,kALE RAINBOW BLEND- CALIFORNIA,2.0,lb,1.0,lb,PRODUCE
I-2948,37.0,TOMATO POLPA DI POMDORO POMI,10.0,Kg,1.0,Kg,FOOD - GROCERY
I-4930,37.0,TOMATOES HEIRLOOM CHER ORGBC,12.0,lb,1.0,lb,PRODUCE
I-4573,38.0,"CARROTS SHRED 1/16 (FINE)US""",5.0,lb,1.0,lb,PRODUCE
I-4752,39.0,"ONIONS RED SLICED 1/8 US""",5.0,lb,1.0,lb,PRODUCE
I-2854,40.0,ARTICHOKES IN WATER WHOLE,6.0,LG CAN,3.0,Kg,FOOD - GROCERY
I-4604,40.0,"CELERY DICED 3/8 (REG)US""",5.0,lb,1.0,lb,PRODUCE
I-10117,40.0,HERB MINT BC 4OZ,4.0,oz,1.0,oz,PRODUCE
I-26468,40.0,MUSHROOM ASST IN OIL,12.0,jar,720.0,g,FOOD - GROCERY
I-22444,40.0,PEPPERONCINI PICKLED PEPPER,4.0,bag,2.0,L,FOOD - GROCERY
I-3659,43.0,SUGAR GRANULATED CANE FINE,20.0,Kg,1.0,Kg,FOOD - GROCERY
I-54074,43.0,SYRUP MONIN PEPPERMINT,1.0,750ML,750.0,ml,BEVERAGE
I-1587,43.0,SYRUP VANILLA,6.0,750ML,1.0,750ML,BEVERAGE
I-2903,44.0,OIL EVOO  EMMA 4/3L,4.0,JUG,3.0,L,FOOD - GROCERY
I-1068,50.0,Bar Dark Rum  Potters Old Navy,1.0,1.75 L,1.75,L,ALCOHOL - FOOD
I-43847,50.0,BEER MOLSON CANADIAN CAN,24.0,ea,1.0,each,LIQUOR
I-35726,50.0,CHARDONNAY MINI BOTTLE,1.0,ea,1.0,each,LIQUOR
I-1110,50.0,COPA DORO KITCHEN,1.0,750ML,1.0,750ML,"PACKAGED BEER, CIDER"
I-33562,50.0,MAIN ST PILSNER,6.0,ea,1.0,each,LIQUOR
I-33563,50.0,OLD NIGHT PALE ALE,6.0,ea,1.0,each,LIQUOR
I-35727,50.0,PERONI BOTL,6.0,ea,1.0,each,LIQUOR
I-35728,50.0,PERONI TALL CAN,1.0,ea,1.0,each,LIQUOR
I-1136,50.0,PORT TAYLOR KITCHEN,1.0,750ML,1.0,750ML,"PACKAGED BEER, CIDER"
I-1844,53.0,COFFEE ADAGIO WHOLE BEAN MED ,1.0,lb,1.0,lb,BEVERAGE
I-2500,53.0,COFFEE DECAF ESP 400G WHOLE,1.0,pak,3.41,Kg,FAIR TRADE
I-6426,53.0,COFFEE ESPRESSO BEAN NATOORA,1.0,lb,1.0,lb,BEVERAGE
I-2860,54.0,BASIL FLAKES VALLI,1.0,pak,750.0,g,SPICES
I-9702,54.0,CHILLIES CRUSHED,1.0,Kg,1.0,Kg,SPICES
I-6870,54.0,SALT SEA FINE AURORA,12.0,Kg,1.0,Kg,SPICES
I-43254,,JUICE 5 ALIVE 355ML,12.0,can,1.0,355ML,BEVERAGE
I-1687,,JUICE APPLE MM 341ML,12.0,341ML,1.0,341ML,BEVERAGE
I-43252,,JUICE APPLE MM 355ML,12.0,355ML,1.0,355ML,BEVERAGE
I-1686,,JUICE APPLE MM 450M,24.0,450ML,1.0,450ML,BEVERAGE
I-13969,,JUICE APPLE SIMPLY  340ML,1.0,340ML,1.0,each,BEVERAGE
I-43255,,JUICE CRAN MM CKTL 355ML,12.0,355ML,1.0,355ML,BEVERAGE
I-1690,,JUICE LEMONADE MM 355ML,12.0,355ML,1.0,355ML,BEVERAGE
I-56154,,JUICE LEMONADE SIMPLY 340ML,12.0,340ML,1.0,340ML,BEVERAGE
I-13967,,JUICE LEMONADE SIMPLY RASPBERY,12.0,340ML,1.0,340ML,BEVERAGE
I-43253,,JUICE ORANGE MM 355ML,12.0,355ML,1.0,355ML,BEVERAGE
I-13968,,JUICE ORANGE SIMPLY  340ML,12.0,ea,1.0,ea,BEVERAGE
I-41738,,JUICE PEACH SIMPLY 340ml,12.0,each,1.0,each,BEVERAGE
I-2359,,"KNIFE 7"" PLASTIC WHITE",1000.0,CT,1.0,CT,DISPOSABLES
I-1750,,ODWALLA LIFEFOOD ORIGINAL,8.0,450ML,1.0,450ML,BEVERAGE
I-11158,,ODWALLA MANGO TANGO 450ml,8.0,ea,1.0,450ML,BEVERAGE
I-11159,,ODWALLA STRAW BANA 450ml,8.0,each,1.0,450ML,BEVERAGE
z202,,OMGS MILK CHOCOLATE CLUSTERS ,1.0,ea,1.0,ea,MM CANDY Chocolate 
I-45558,,Prep-Vegan Parmesan,1000.0,g,1.0,g,PRODUCTION FOOD
I-3507,,SAUCE BBQ WHISKEY FORTY CREEK,2.0,4L,4.0,L,FOOD - GROCERY
I-2937,,SAVIOARDI (LADY FINGERS) ,15.0,pak,400.0,g,CANDIES SNACKS
I-1590,,SODA SAN PELL ARANCIATTA ,24.0,355ML,1.0,355ML,BEVERAGE
I-1598,,SODA SAN PELL LIMONATA ,24.0,355ML,1.0,355ML,BEVERAGE
I-6964,,SPELT POGGIO FARRO ORG 500GR,0.5,Kg,500.0,g,FOOD - GROCERY
I-37651,,TEA BLACK EARL GREY,6.0,box,16.0,each,BEVERAGE
I-13982,,TEA CHAI BOULDER CONCENT 3RDST,1.0,JUG,64.0,fl oz,BEVERAGE
I-48733,,VAL|Cake Choc Heart 6ea,6.0,ea,1.0,ea,PRODUCTION FOOD
I-48730,,VAL|Cookies Heart,6.0,ea,1.0,ea,PRODUCTION FOOD
I-6872,,VINEGAR BALSAMIC GLAZE REDUCTI,6.0,bottle,380.0,ml,FOOD - GROCERY
I-7396,,VINEGAR RED WINE LA MOLISANA,1.0,jar,1.0,L,FOOD - GROCERY
I-1644,,WATER DASANI 591ML,24.0,591ML,1.0,bottle,BEVERAGE
I-11671,,WATER DASANI SPARKLING LEMON,12.0,355ML,1.0,bottle,BEVERAGE
I-2955,,WATER SPARKLING SAN PELLEG,24.0,PTN,1.0,PTN,BEVERAGE
I-1683,,WATER VITAMIN ZERO XOXO,12.0,591ML,1.0,591ML,BEVERAGE
I-29081,,YEAST B12 NUTRITIONAL BULK,10000.0,g,1.0,g,FOOD - GROCERY
I-11794,,YERBA MATE REVEL BERRY 458ML,12.0,each,1.0,each,BEVERAGE
I-57285,,AHA WATER BLUBRY POM SPARKLING,12.0,each,1.0,each,BEVERAGE
I-57484,,AHA WATER SP PEACH HONEY PET  ,24.0,each,1.0,each,BEVERAGE
I-56025,,AHA WATER SP WATERMLN LIME PET,24.0,each,1.0,each,BEVERAGE
I-54298,,BAR SOLO-CHOC BROWNIE,12.0,BAR,1.0,BAR,CANDIES SNACKS
I-28282,,BS Bar Granola 6ea,6.0,each,1.0,each,PRODUCTION FOOD
I-32397,,BS Xmas Cookies Ginersnap 6ea,6.0,ea,1.0,ea,PRODUCTION FOOD
I-32393,,BS Xmas Tree\Bell Sugar Cookie,6.0,ea,1.0,each,PRODUCE
I-29439,,BS|Pizza Dough 1 Batch=38KG,38.0,Kg,1.0,Kg,PRODUCE
I-46611,,BS|Tart|Pumpkin 6ea,6.0,ea,1.0,ea,PRODUCTION FOOD
I-48731,,BS|Val|Cookies Ginger Bear 6ea,6.0,ea,1.0,ea,PRODUCTION FOOD
I-54182,,BS|Xmas|Cookies Snowflake 6ea,6.0,each,1.0,each,PRODUCTION FOOD
I-32395,,BS|Xmas|Gingerbread PPL 6ea,6.0,ea,1.0,ea,PRODUCTION FOOD
I-32394,,BS|Xmas|Mincemeat Tart 6ea,6.0,ea,1.0,ea,PRODUCE
I-4160,,Caramelllatte Arabeschi,6.0,pak,1.5,Kg,PREGEL - ALL ITEMS
I-6845,,CK LABOR,1.0,ea,1.0,ea,MISC.
I-1639,,COKE CLASSIC 500ML,24.0,500ML,1.0,500ML,BEVERAGE
I-1642,,COKE CLASSIC BIB 20L,1.0,BIB 20L,115.0,un,BEVERAGE
I-25119,,CONT PLAS CLR W/LID TEAR 16OZ,240.0,ea,1.0,ea,DISPOSABLES
I-1011p,,CUP PPR HOT WHT 16Z,20.0,SLEEVE,50.0,CT,DISPOSABLES
I-6451,,DRESS BALSAMC MODENA,4.0,L,1.0,L,FOOD - GROCERY
I-3249,,DRESS BALSAMIC VINAIG G/FREE,2.0,JUG,3.78,L,FOOD - GROCERY
I-6450,,DRESS CAESAR RST GARLIC,4.0,L,1.0,L,FOOD - GROCERY
I-3276,,DRESS RASP LT VINAIG G/FREE,2.0,JUG,3.78,L,FOOD - GROCERY
I-34617,,EASTER|Egg Cookies  6ea,6.0,ea,1.0,ea,PRODUCTION FOOD
I-45910,,G&G-Sand Veggie Delight ,1.0,ea,1.0,ea,PRODUCTION FOOD
I-52132,,G&G|Salad Cobb,1.0,ea,1.0,ea,PRODUCTION FOOD
I-52129,,G&G|Salad Crunchy Kale sal,1.0,ea,1.0,ea,PRODUCTION FOOD
I-1778,,HOT CHOC LIQUID CONC,6.0,each,60.865,fl oz,BEVERAGE
I-46620,,ICE TEA GRN GOLD PEAK,12.0,ea,1.0,ea,BEVERAGE
I-46621,,ICE TEA LEMON GOLD PEAK,12.0,ea,1.0,ea,BEVERAGE
I-46622,,ICE TEA UNSWT GOLD PEAK,12.0,ea,1.0,ea,BEVERAGE
I-20202,,JAVA JACKET GENERIC HOLIDAY WR,1300.0,CT,1.0,CT,DISPOSABLES
I-52773,,WATER SMART SPARKLING RASPB ,12.0,each,1.0,each,BEVERAGE
I-2333,3.0,PROSCIUTTO SLICED SAN DANIELE,1.0,Kg,1.0,Kg,DELI & PREPARED MEAT
I-3700,,YEAST BAKERS FRSH,24.0,lb,1.0,lb,FOOD - GROCERY
